team_id,team_url,team_name
1198,./?page=tym&tym_id=1198,​
1075,./?page=tym&tym_id=1075,?!?!!?
1530,./?page=tym&tym_id=1530,¿PORG qué?
1087,./?page=tym&tym_id=1087,"""All Stars"""
819,./?page=tym&tym_id=819,(Ne)Nováčci
1100,./?page=tym&tym_id=1100,*Kejsy X Theme*
783,./?page=tym&tym_id=783,#PetřeProsím
882,./?page=tym&tym_id=882,√1764
1528,./?page=tym&tym_id=1528,☆ pseudovědecký experiment ☆
1442,./?page=tym&tym_id=1442,♥HARDCORE míchaná krupiceΔ
22,./?page=tym&tym_id=22,1 Minute Talkers
1018,./?page=tym&tym_id=1018,12° osvěžení
558,./?page=tym&tym_id=558,13.333333
371,./?page=tym&tym_id=371,1620
1031,./?page=tym&tym_id=1031,1764¹ᐟ²
259,./?page=tym&tym_id=259,1st graders
786,./?page=tym&tym_id=786,2+1
1125,./?page=tym&tym_id=1125,2+1
620,./?page=tym&tym_id=620,2+KK
1471,./?page=tym&tym_id=1471,23% DPH
1101,./?page=tym&tym_id=1101,2Dumb2Win2Dumb2Quit
1243,./?page=tym&tym_id=1243,3 Zubři
1488,./?page=tym&tym_id=1488,30.Október
1014,./?page=tym&tym_id=1014,300 g zeleniny každý den
777,./?page=tym&tym_id=777,33
582,./?page=tym&tym_id=582,3D
164,./?page=tym&tym_id=164,3DH
232,./?page=tym&tym_id=232,3G
921,./?page=tym&tym_id=921,3G1D
107,./?page=tym&tym_id=107,3v1
159,./?page=tym&tym_id=159,3W
778,./?page=tym&tym_id=778,44
165,./?page=tym&tym_id=165,4DH
96,./?page=tym&tym_id=96,5.0
920,./?page=tym&tym_id=920,50 odstínů Dády Patrasové
863,./?page=tym&tym_id=863,50 shades of great
1337,./?page=tym&tym_id=1337,6 4 Life
771,./?page=tym&tym_id=771,66
776,./?page=tym&tym_id=776,77
779,./?page=tym&tym_id=779,88
1464,./?page=tym&tym_id=1464,9 mm argumentů
496,./?page=tym&tym_id=496,A
1048,./?page=tym&tym_id=1048,A clockwork orange
1577,./?page=tym&tym_id=1577,A komu tím prospějete?
367,./?page=tym&tym_id=367,Á Propos
710,./?page=tym&tym_id=710,A Team
941,./?page=tym&tym_id=941,A team*
235,./?page=tym&tym_id=235,A-Team
1225,./?page=tym&tym_id=1225,A1
1226,./?page=tym&tym_id=1226,A2
1227,./?page=tym&tym_id=1227,A3
1229,./?page=tym&tym_id=1229,A4
1228,./?page=tym&tym_id=1228,A5
493,./?page=tym&tym_id=493,AAA
735,./?page=tym&tym_id=735,Absolutní nuly
1280,./?page=tym&tym_id=1280,Abstinenti
264,./?page=tym&tym_id=264,Aces of Spades
144,./?page=tym&tym_id=144,Ad hoc Mix
278,./?page=tym&tym_id=278,Ad Hominem
570,./?page=tym&tym_id=570,AdDaPi
993,./?page=tym&tym_id=993,Adrian BAD
971,./?page=tym&tym_id=971,Affirmatives
958,./?page=tym&tym_id=958,Afirmace
156,./?page=tym&tym_id=156,Afroditi
1184,./?page=tym&tym_id=1184,ageckos
1584,./?page=tym&tym_id=1584,AGmix
419,./?page=tym&tym_id=419,Al-Zatah
965,./?page=tym&tym_id=965,Alap
862,./?page=tym&tym_id=862,Alej
1141,./?page=tym&tym_id=1141,Alfabetky
1193,./?page=tym&tym_id=1193,Alfatetky
1159,./?page=tym&tym_id=1159,Alfons
1105,./?page=tym&tym_id=1105,Alice
163,./?page=tym&tym_id=163,Alien team
1244,./?page=tym&tym_id=1244,Allegoria
373,./?page=tym&tym_id=373,Allstars
1367,./?page=tym&tym_id=1367,AllStars rozhodčí
641,./?page=tym&tym_id=641,alt + delete
850,./?page=tym&tym_id=850,Amanzi
715,./?page=tym&tym_id=715,Amatéři
1559,./?page=tym&tym_id=1559,Amazon
492,./?page=tym&tym_id=492,Ambiance PORG
155,./?page=tym&tym_id=155,Amorci
631,./?page=tym&tym_id=631,Anamaria
194,./?page=tym&tym_id=194,Andílci
354,./?page=tym&tym_id=354,Angels
1032,./?page=tym&tym_id=1032,Angiportum
1466,./?page=tym&tym_id=1466,Anti-logika
1006,./?page=tym&tym_id=1006,Antibrčková liga
1281,./?page=tym&tym_id=1281,Antipyrotechnici
644,./?page=tym&tym_id=644,APE
413,./?page=tym&tym_id=413,Apodyopsis
327,./?page=tym&tym_id=327,Arasaj
1108,./?page=tym&tym_id=1108,Argenti
1498,./?page=tym&tym_id=1498,Argumentační dno
1024,./?page=tym&tym_id=1024,Armageddon
40,./?page=tym&tym_id=40,Arogance
913,./?page=tym&tym_id=913,Astra Mortem
533,./?page=tym&tym_id=533,Au Contraire
828,./?page=tym&tym_id=828,Avis longus
497,./?page=tym&tym_id=497,B
185,./?page=tym&tym_id=185,B.Y.G.
1221,./?page=tym&tym_id=1221,B1
1223,./?page=tym&tym_id=1223,B2
1239,./?page=tym&tym_id=1239,B3
1224,./?page=tym&tym_id=1224,B4
1316,./?page=tym&tym_id=1316,B5
215,./?page=tym&tym_id=215,Bachtalo
321,./?page=tym&tym_id=321,Balast
1500,./?page=tym&tym_id=1500,Ballerina Cappuccina
381,./?page=tym&tym_id=381,Bambusáci
1005,./?page=tym&tym_id=1005,Bandits of Rhythm
1199,./?page=tym&tym_id=1199,Bánští brejni
632,./?page=tym&tym_id=632,Barbossa
201,./?page=tym&tym_id=201,Barcelona
216,./?page=tym&tym_id=216,Barichev
815,./?page=tym&tym_id=815,Batman
1214,./?page=tym&tym_id=1214,Baumaks
858,./?page=tym&tym_id=858,BD 007
557,./?page=tym&tym_id=557,Because it's true
114,./?page=tym&tym_id=114,Beer Belly
681,./?page=tym&tym_id=681,Bejachad
265,./?page=tym&tym_id=265,Benešovi dekreti
220,./?page=tym&tym_id=220,Bengora
701,./?page=tym&tym_id=701,Berries
326,./?page=tym&tym_id=326,Best for you
868,./?page=tym&tym_id=868,Bet amigos
1215,./?page=tym&tym_id=1215,Beton
120,./?page=tym&tym_id=120,Bez debat
762,./?page=tym&tym_id=762,Bez komentáře
1431,./?page=tym&tym_id=1431,Bez názvu 1
130,./?page=tym&tym_id=130,Bez zábran
1245,./?page=tym&tym_id=1245,Bezcenní fešáci
161,./?page=tym&tym_id=161,Beze jména
1053,./?page=tym&tym_id=1053,Bezořechový listopad
128,./?page=tym&tym_id=128,Bídníci
661,./?page=tym&tym_id=661,BIEDRONECZKI
769,./?page=tym&tym_id=769,Bigger and Smarter
1505,./?page=tym&tym_id=1505,BIGY Brno
699,./?page=tym&tym_id=699,BiGy Mix 1
700,./?page=tym&tym_id=700,BiGy Mix 2
1336,./?page=tym&tym_id=1336,Bílá krémová
1349,./?page=tym&tym_id=1349,Billy la bufanda
1271,./?page=tym&tym_id=1271,Bismut
1341,./?page=tym&tym_id=1341,"Bít, či nebýt"
471,./?page=tym&tym_id=471,Black Code
787,./?page=tym&tym_id=787,Blanc vždy vítězí
722,./?page=tym&tym_id=722,Blank Case
918,./?page=tym&tym_id=918,Blázínci
1430,./?page=tym&tym_id=1430,BLMAŠA
615,./?page=tym&tym_id=615,Blonde Power
749,./?page=tym&tym_id=749,Blueberries
1585,./?page=tym&tym_id=1585,Bob
438,./?page=tym&tym_id=438,Bob a Bobice
1362,./?page=tym&tym_id=1362,Bobři
46,./?page=tym&tym_id=46,Bojkot
1216,./?page=tym&tym_id=1216,Bonjour
695,./?page=tym&tym_id=695,Bonmotéři
1574,./?page=tym&tym_id=1574,Boom Shack-A-Lak
665,./?page=tym&tym_id=665,Borůvky
636,./?page=tym&tym_id=636,Bosun
180,./?page=tym&tym_id=180,Bounty: kokosová tyčinka
1043,./?page=tym&tym_id=1043,Boží trojjedinost
53,./?page=tym&tym_id=53,Brague
956,./?page=tym&tym_id=956,Brainstorm
567,./?page=tym&tym_id=567,Brainstorming
1021,./?page=tym&tym_id=1021,Bramboroví saláti
325,./?page=tym&tym_id=325,Braniac
1400,./?page=tym&tym_id=1400,Bratislavská mafia
480,./?page=tym&tym_id=480,Bratrstvo neohrožených
588,./?page=tym&tym_id=588,Break Point
385,./?page=tym&tym_id=385,Breakers
274,./?page=tym&tym_id=274,Brno
350,./?page=tym&tym_id=350,Brno-Pardubice
1166,./?page=tym&tym_id=1166,Brutální mýdlo
1246,./?page=tym&tym_id=1246,BSPVP
856,./?page=tym&tym_id=856,Btw. Kláro
209,./?page=tym&tym_id=209,Bubáci
263,./?page=tym&tym_id=263,Bubonic Plague Fan Club
703,./?page=tym&tym_id=703,Budovatelé národa
481,./?page=tym&tym_id=481,BUGO-TEAM
169,./?page=tym&tym_id=169,BuKuLa
310,./?page=tym&tym_id=310,BULLSHIFT
293,./?page=tym&tym_id=293,Buržoazní dekadence
899,./?page=tym&tym_id=899,Bylo nás čtyři
469,./?page=tym&tym_id=469,Bylo nás pět
1200,./?page=tym&tym_id=1200,Bývalá Ynteligence
213,./?page=tym&tym_id=213,BZZ
498,./?page=tym&tym_id=498,C
1230,./?page=tym&tym_id=1230,C1
1231,./?page=tym&tym_id=1231,C2
1232,./?page=tym&tym_id=1232,C3
1233,./?page=tym&tym_id=1233,C4
1317,./?page=tym&tym_id=1317,C5
808,./?page=tym&tym_id=808,C6H12O6íci
845,./?page=tym&tym_id=845,C8H10N402
517,./?page=tym&tym_id=517,Ça Dépand
640,./?page=tym&tym_id=640,Calypso
866,./?page=tym&tym_id=866,Camarilla
534,./?page=tym&tym_id=534,Candle
430,./?page=tym&tym_id=430,Carpe Diem
886,./?page=tym&tym_id=886,Carrdashians
935,./?page=tym&tym_id=935,Carrel
957,./?page=tym&tym_id=957,Carrel 2
983,./?page=tym&tym_id=983,Carrot
1099,./?page=tym&tym_id=1099,Carthāgō dēlenda est
562,./?page=tym&tym_id=562,Castor 440/84M
1194,./?page=tym&tym_id=1194,Castoroides Fatales
1011,./?page=tym&tym_id=1011,Castoroides invicta
1282,./?page=tym&tym_id=1282,Cement
1416,./?page=tym&tym_id=1416,Cihla
855,./?page=tym&tym_id=855,Climate Change is a Hoax
1070,./?page=tym&tym_id=1070,Close da Gate
1247,./?page=tym&tym_id=1247,Closed gate
1380,./?page=tym&tym_id=1380,Co myslíš?
387,./?page=tym&tym_id=387,COG_10
1283,./?page=tym&tym_id=1283,Cogitamus
1578,./?page=tym&tym_id=1578,Cogito Ergo Deficio
1561,./?page=tym&tym_id=1561,coldback
1306,./?page=tym&tym_id=1306,Colloqueens
1307,./?page=tym&tym_id=1307,Colloquium strachu
249,./?page=tym&tym_id=249,Combajn
514,./?page=tym&tym_id=514,Confiture
1428,./?page=tym&tym_id=1428,CONS
809,./?page=tym&tym_id=809,Cosa nostra
16,./?page=tym&tym_id=16,Cosmos
639,./?page=tym&tym_id=639,Cotton
251,./?page=tym&tym_id=251,COW-SENCE
182,./?page=tym&tym_id=182,Crazy Spirits
1489,./?page=tym&tym_id=1489,Crepusculum
898,./?page=tym&tym_id=898,Cukříci
25,./?page=tym&tym_id=25,Cup Losers
757,./?page=tym&tym_id=757,Cupcakes
486,./?page=tym&tym_id=486,CV
1008,./?page=tym&tym_id=1008,ČAG
1104,./?page=tym&tym_id=1104,ČAG superstars
676,./?page=tym&tym_id=676,ČAG X
47,./?page=tym&tym_id=47,Časem
1030,./?page=tym&tym_id=1030,Černá kronika
170,./?page=tym&tym_id=170,Čert ví
303,./?page=tym&tym_id=303,Červení
306,./?page=tym&tym_id=306,Čhaja andralobedni
129,./?page=tym&tym_id=129,Čikiti
1579,./?page=tym&tym_id=1579,Čistá plýna
1140,./?page=tym&tym_id=1140,Čoboli
721,./?page=tym&tym_id=721,ČTYŘI IKS
1421,./?page=tym&tym_id=1421,Čumáčci
1208,./?page=tym&tym_id=1208,D1
1209,./?page=tym&tym_id=1209,D2
1222,./?page=tym&tym_id=1222,D3
1240,./?page=tym&tym_id=1240,D4
1426,./?page=tym&tym_id=1426,D4 - Šmoulové
1241,./?page=tym&tym_id=1241,D5
1242,./?page=tym&tym_id=1242,D6
1151,./?page=tym&tym_id=1151,Dampnas Diu Nomen
1274,./?page=tym&tym_id=1274,Dámská jízda
372,./?page=tym&tym_id=372,Dámské trenýrky
313,./?page=tym&tym_id=313,Dangerous Blondes
1514,./?page=tym&tym_id=1514,Danielovci
1091,./?page=tym&tym_id=1091,Dárečci
49,./?page=tym&tym_id=49,Daredevils
1560,./?page=tym&tym_id=1560,Das crazy
1550,./?page=tym&tym_id=1550,Dassault Rafale
1057,./?page=tym&tym_id=1057,DDT
248,./?page=tym&tym_id=248,Death Star
658,./?page=tym&tym_id=658,Debakl
979,./?page=tym&tym_id=979,Debatable
559,./?page=tym&tym_id=559,Debate Style
1164,./?page=tym&tym_id=1164,Debaterske kecy v kleci
511,./?page=tym&tym_id=511,Debatéři²
1413,./?page=tym&tym_id=1413,Debatéři3000
1552,./?page=tym&tym_id=1552,Debatní klub BiGy
1472,./?page=tym&tym_id=1472,Debatní klub GOH 1
1483,./?page=tym&tym_id=1483,Debatní klub GOH 2
1142,./?page=tym&tym_id=1142,Debatní klub gymnázia Šlapanice
841,./?page=tym&tym_id=841,Debatní spam
1569,./?page=tym&tym_id=1569,Debatní zoufalci
974,./?page=tym&tym_id=974,Debetní klub
812,./?page=tym&tym_id=812,Deez Nuts Kappa
276,./?page=tym&tym_id=276,Defeaters
1074,./?page=tym&tym_id=1074,Defense Against the Dark Arts
968,./?page=tym&tym_id=968,Deinde gradu stercore
1304,./?page=tym&tym_id=1304,Děláme to Procash
1160,./?page=tym&tym_id=1160,Děláme to v triu
797,./?page=tym&tym_id=797,Dělíme nulou
767,./?page=tym&tym_id=767,Delinitor
1369,./?page=tym&tym_id=1369,Delta π
802,./?page=tym&tym_id=802,Demižon
348,./?page=tym&tym_id=348,Dětský domov Žatec
1039,./?page=tym&tym_id=1039,Deus Vult
1516,./?page=tym&tym_id=1516,Devítky
829,./?page=tym&tym_id=829,DHK
1499,./?page=tym&tym_id=1499,Dialektická mafie
1537,./?page=tym&tym_id=1537,Die Wassermelone
444,./?page=tym&tym_id=444,Disceptatio incapax
573,./?page=tym&tym_id=573,Disidenti
1217,./?page=tym&tym_id=1217,Distrakce
1423,./?page=tym&tym_id=1423,Divize východ
1308,./?page=tym&tym_id=1308,Divize Západ
1424,./?page=tym&tym_id=1424,Divize západ
1381,./?page=tym&tym_id=1381,Divná plicní nemoc
286,./?page=tym&tym_id=286,Divoké kočky
1382,./?page=tym&tym_id=1382,DJ B
1425,./?page=tym&tym_id=1425,DK GZWR
1143,./?page=tym&tym_id=1143,DKAG
332,./?page=tym&tym_id=332,DKNA red
750,./?page=tym&tym_id=750,Dlažba
752,./?page=tym&tym_id=752,Dlaždiči
1556,./?page=tym&tym_id=1556,dlažební kostka jezdící kolem
1473,./?page=tym&tym_id=1473,Dobrodružný Klement jí kočku
792,./?page=tym&tym_id=792,Dodám dodatečně
1580,./?page=tym&tym_id=1580,Dodáme do středy
825,./?page=tym&tym_id=825,Dominicus de filiis
140,./?page=tym&tym_id=140,Donkey's
1291,./?page=tym&tym_id=1291,Doppler 1
1335,./?page=tym&tym_id=1335,Doppler 2
162,./?page=tym&tym_id=162,Doublem
664,./?page=tym&tym_id=664,Dravci
368,./?page=tym&tym_id=368,Dream Team
599,./?page=tym&tym_id=599,Dream Team
593,./?page=tym&tym_id=593,Drsný negativní Alejáci
1326,./?page=tym&tym_id=1326,Druhé vědomí Čet dží π tý
1378,./?page=tym&tym_id=1378,DT - Boulder
1379,./?page=tym&tym_id=1379,DT - Foxtrot
308,./?page=tym&tym_id=308,Dubiňáci
1144,./?page=tym&tym_id=1144,Dubinští debatéři
727,./?page=tym&tym_id=727,Ducklings
409,./?page=tym&tym_id=409,Důdovské kombíčko
789,./?page=tym&tym_id=789,Duch
230,./?page=tym&tym_id=230,Dully Dulls
618,./?page=tym&tym_id=618,Dummies
1086,./?page=tym&tym_id=1086,Dummy team
108,./?page=tym&tym_id=108,Dvojtečky
708,./?page=tym&tym_id=708,Dwaj pancerni i Agata
1130,./?page=tym&tym_id=1130,Dyno z Moravy
1234,./?page=tym&tym_id=1234,E1
1235,./?page=tym&tym_id=1235,E2
1236,./?page=tym&tym_id=1236,E3
1237,./?page=tym&tym_id=1237,E4
1238,./?page=tym&tym_id=1238,E5
253,./?page=tym&tym_id=253,Eamus Catuli
744,./?page=tym&tym_id=744,EAMUS CATULI 2
565,./?page=tym&tym_id=565,ECP Team A
1327,./?page=tym&tym_id=1327,Edgar Allan Hoe$
574,./?page=tym&tym_id=574,Elišky
154,./?page=tym&tym_id=154,Elita
1373,./?page=tym&tym_id=1373,Elita národa
410,./?page=tym&tym_id=410,Emancipované děti
316,./?page=tym&tym_id=316,Emancipované ženy
343,./?page=tym&tym_id=343,Emancipovaní muži
1411,./?page=tym&tym_id=1411,Empirika
151,./?page=tym&tym_id=151,Enantiomorph
796,./?page=tym&tym_id=796,Ensis Luminaris
150,./?page=tym&tym_id=150,Erasers
483,./?page=tym&tym_id=483,Ergo
360,./?page=tym&tym_id=360,Eštěne
1447,./?page=tym&tym_id=1447,Europapa
963,./?page=tym&tym_id=963,Ewoci
92,./?page=tym&tym_id=92,Explode
134,./?page=tym&tym_id=134,Exploze
1171,./?page=tym&tym_id=1171,Extrémní pytlouni
227,./?page=tym&tym_id=227,F-dance Club
861,./?page=tym&tym_id=861,F.E.D.
1064,./?page=tym&tym_id=1064,FaCTs & LoGIC
696,./?page=tym&tym_id=696,Fajnšmekři
667,./?page=tym&tym_id=667,Fantasma minaciter
477,./?page=tym&tym_id=477,Fantastická čtyřka
844,./?page=tym&tym_id=844,Fantastická trojka
1107,./?page=tym&tym_id=1107,Femmes fatales
1361,./?page=tym&tym_id=1361,Fialové kačenky
82,./?page=tym&tym_id=82,Fight Club
1294,./?page=tym&tym_id=1294,Filip Berťo
884,./?page=tym&tym_id=884,Finis coronat opus
1432,./?page=tym&tym_id=1432,Finlandia
1449,./?page=tym&tym_id=1449,Fireflies
613,./?page=tym&tym_id=613,Fishes
1117,./?page=tym&tym_id=1117,Five
1016,./?page=tym&tym_id=1016,Flexi
564,./?page=tym&tym_id=564,Flow-ers
414,./?page=tym&tym_id=414,Fortes Folks
982,./?page=tym&tym_id=982,FosGen
931,./?page=tym&tym_id=931,Four for Four
831,./?page=tym&tym_id=831,Frappé bez frappé
23,./?page=tym&tym_id=23,Free Deck
125,./?page=tym&tym_id=125,Freedom for Peaches
1433,./?page=tym&tym_id=1433,Fretky Alfredky
239,./?page=tym&tym_id=239,Frontal impact
905,./?page=tym&tym_id=905,FSB
124,./?page=tym&tym_id=124,Funny Nightmare
865,./?page=tym&tym_id=865,Furfon team
315,./?page=tym&tym_id=315,Future leaders of the World
1418,./?page=tym&tym_id=1418,G-session
119,./?page=tym&tym_id=119,G-team
356,./?page=tym&tym_id=356,G-Unit
292,./?page=tym&tym_id=292,Gaspacho
188,./?page=tym&tym_id=188,Gašparky
287,./?page=tym&tym_id=287,Gašparovci
1363,./?page=tym&tym_id=1363,Gďe source?
1364,./?page=tym&tym_id=1364,Gďo Kryštof?
488,./?page=tym&tym_id=488,Gejzír
369,./?page=tym&tym_id=369,Geniální komando
1081,./?page=tym&tym_id=1081,Ghost Flowers
1410,./?page=tym&tym_id=1410,GCHD
322,./?page=tym&tym_id=322,Gigantus Genius
1446,./?page=tym&tym_id=1446,Give That Wolf A Banana
793,./?page=tym&tym_id=793,GJK-OG Fusion
399,./?page=tym&tym_id=399,GJN
344,./?page=tym&tym_id=344,GJP1
346,./?page=tym&tym_id=346,GJP2
860,./?page=tym&tym_id=860,GJS
329,./?page=tym&tym_id=329,GJŠ
671,./?page=tym&tym_id=671,GJŠ1
672,./?page=tym&tym_id=672,GJŠ2
1470,./?page=tym&tym_id=1470,gleep glorp
85,./?page=tym&tym_id=85,Glipton
33,./?page=tym&tym_id=33,GMB A
34,./?page=tym&tym_id=34,GMB B
121,./?page=tym&tym_id=121,GNB_4_spamm
1278,./?page=tym&tym_id=1278,Gnómóni
365,./?page=tym&tym_id=365,GNŠ 1
1347,./?page=tym&tym_id=1347,Gorgias
655,./?page=tym&tym_id=655,Green radioactive zombie sailors
572,./?page=tym&tym_id=572,Grupa Mocnego Uderzenia
740,./?page=tym&tym_id=740,GTGM Litvínov
653,./?page=tym&tym_id=653,GULZ
529,./?page=tym&tym_id=529,GYBU 1
535,./?page=tym&tym_id=535,GYBU 2
536,./?page=tym&tym_id=536,GYBU 3
1352,./?page=tym&tym_id=1352,GYKASOG
871,./?page=tym&tym_id=871,Gymfry
668,./?page=tym&tym_id=668,Gymnázium Hladnov
1412,./?page=tym&tym_id=1412,Gymnázium Karviná
425,./?page=tym&tym_id=425,Gymnázium Olomouc - Hejčín 1
426,./?page=tym&tym_id=426,Gymnázium Olomouc - Hejčín 2
427,./?page=tym&tym_id=427,Gymnázium Olomouc - Hejčín 3
707,./?page=tym&tym_id=707,GYMPOL
501,./?page=tym&tym_id=501,GYMPOL 1
502,./?page=tym&tym_id=502,GYMPOL 2
503,./?page=tym&tym_id=503,GYMPOL 3
504,./?page=tym&tym_id=504,GYMPOL 4
505,./?page=tym&tym_id=505,GYMPOL 5
660,./?page=tym&tym_id=660,GYMPOL ENG
790,./?page=tym&tym_id=790,GYMPOL.CZE
798,./?page=tym&tym_id=798,Gympol.English
1248,./?page=tym&tym_id=1248,GYRA 0/15
775,./?page=tym&tym_id=775,GYRA 1
800,./?page=tym&tym_id=800,GYRA 2
810,./?page=tym&tym_id=810,GYRA 3
832,./?page=tym&tym_id=832,GYRA 4
849,./?page=tym&tym_id=849,GYRA 5
1145,./?page=tym&tym_id=1145,GYRA 5 má ráda želvy
926,./?page=tym&tym_id=926,GYRA 6
927,./?page=tym&tym_id=927,GYRA 7
1003,./?page=tym&tym_id=1003,GYRA 8
1167,./?page=tym&tym_id=1167,GYRA 9
990,./?page=tym&tym_id=990,GYRA Klub 1
991,./?page=tym&tym_id=991,GYRA Klub 2
1249,./?page=tym&tym_id=1249,GYREC
843,./?page=tym&tym_id=843,H2O
950,./?page=tym&tym_id=950,Ha Ha
633,./?page=tym&tym_id=633,Hadras
417,./?page=tym&tym_id=417,Hakuna Matata
1518,./?page=tym&tym_id=1518,HaLeLu
804,./?page=tym&tym_id=804,Han #Yolo
1288,./?page=tym&tym_id=1288,Hanáci
186,./?page=tym&tym_id=186,Happy Cookies
507,./?page=tym&tym_id=507,Happy Kittens
814,./?page=tym&tym_id=814,Harlequeen
1275,./?page=tym&tym_id=1275,Hate Gate
647,./?page=tym&tym_id=647,Haters make us famous
652,./?page=tym&tym_id=652,Havdala
732,./?page=tym&tym_id=732,Hebkej Monty
706,./?page=tym&tym_id=706,Hebouši
659,./?page=tym&tym_id=659,Hejčín
959,./?page=tym&tym_id=959,Hejčín Boiz
683,./?page=tym&tym_id=683,Hejčín KIDS
896,./?page=tym&tym_id=896,Hejčín One
923,./?page=tym&tym_id=923,Hejčín Three
917,./?page=tym&tym_id=917,Hejčín Two
1420,./?page=tym&tym_id=1420,HejHoubičky
883,./?page=tym&tym_id=883,Hello
989,./?page=tym&tym_id=989,Hello-Nymburk
992,./?page=tym&tym_id=992,help SEND help
985,./?page=tym&tym_id=985,Henlo
1172,./?page=tym&tym_id=1172,Herr
271,./?page=tym&tym_id=271,Heterosexuálové
669,./?page=tym&tym_id=669,High Five
1427,./?page=tym&tym_id=1427,HJL
698,./?page=tym&tym_id=698,Hladnov
580,./?page=tym&tym_id=580,Hladnov 1
585,./?page=tym&tym_id=585,Hladnov 2
806,./?page=tym&tym_id=806,Hladnov A
807,./?page=tym&tym_id=807,Hladnov B
881,./?page=tym&tym_id=881,Hledáme třetího
1549,./?page=tym&tym_id=1549,Hodinky naopak
1146,./?page=tym&tym_id=1146,HOESenky
1564,./?page=tym&tym_id=1564,Hola
418,./?page=tym&tym_id=418,Holki
1055,./?page=tym&tym_id=1055,Homér ženského rodu
87,./?page=tym&tym_id=87,Homo kecalis
205,./?page=tym&tym_id=205,Hooligans
1331,./?page=tym&tym_id=1331,Horáková a zemědělci
1309,./?page=tym&tym_id=1309,Horká linka Přerov - Praha
1405,./?page=tym&tym_id=1405,Hoši v koši
953,./?page=tym&tym_id=953,Houbisáci
1161,./?page=tym&tym_id=1161,How about No
1082,./?page=tym&tym_id=1082,How about Yes
906,./?page=tym&tym_id=906,Hradec 1
907,./?page=tym&tym_id=907,Hradec 2
1267,./?page=tym&tym_id=1267,Hradecký mix 1
1268,./?page=tym&tym_id=1268,Hradecký mix 2
1417,./?page=tym&tym_id=1417,Hraničníci
677,./?page=tym&tym_id=677,Hrrr
234,./?page=tym&tym_id=234,Hřešící Vatikán
236,./?page=tym&tym_id=236,Huga-Buga
1508,./?page=tym&tym_id=1508,Hulváti
1292,./?page=tym&tym_id=1292,Humanita 1
1465,./?page=tym&tym_id=1465,Husa-Team
592,./?page=tym&tym_id=592,Hustý afirmativní Alejáci
1398,./?page=tym&tym_id=1398,Hvězdičky
1312,./?page=tym&tym_id=1312,Hydra
867,./?page=tym&tym_id=867,CH's
1305,./?page=tym&tym_id=1305,CHA CHA CHA
439,./?page=tym&tym_id=439,Cha pindre
148,./?page=tym&tym_id=148,Challenge
1076,./?page=tym&tym_id=1076,Chaos
1429,./?page=tym&tym_id=1429,CHAOS.ORG
1106,./?page=tym&tym_id=1106,Chardonnay
1173,./?page=tym&tym_id=1173,Chardonnay helped a little
81,./?page=tym&tym_id=81,Charlie's Angels
245,./?page=tym&tym_id=245,Charming girls and a prince
1587,./?page=tym&tym_id=1587,Chatons et soleils
1029,./?page=tym&tym_id=1029,Chceme motýle
404,./?page=tym&tym_id=404,Checkpoint
852,./?page=tym&tym_id=852,Chemici
955,./?page=tym&tym_id=955,Chemici²
994,./?page=tym&tym_id=994,Chemka Brno
19,./?page=tym&tym_id=19,Childless Samoyed
1297,./?page=tym&tym_id=1297,Chiméra
1551,./?page=tym&tym_id=1551,Chleba bez kůrky
1334,./?page=tym&tym_id=1334,Chňapíci
364,./?page=tym&tym_id=364,Chobotnice
780,./?page=tym&tym_id=780,Chocolate Donuts
28,./?page=tym&tym_id=28,Chomutov A
65,./?page=tym&tym_id=65,Chomutov B
173,./?page=tym&tym_id=173,Christian Dior
1348,./?page=tym&tym_id=1348,Chrtíci
759,./?page=tym&tym_id=759,Chubby army
68,./?page=tym&tym_id=68,I don't know
680,./?page=tym&tym_id=680,I will do dishes for you
1463,./?page=tym&tym_id=1463,Ibuprofen
30,./?page=tym&tym_id=30,Ideál
1040,./?page=tym&tym_id=1040,idk
889,./?page=tym&tym_id=889,IG něco
115,./?page=tym&tym_id=115,Illuminati
1371,./?page=tym&tym_id=1371,Imperium Naciones Moravian
791,./?page=tym&tym_id=791,Impetum Imperium
109,./?page=tym&tym_id=109,In no sence
314,./?page=tym&tym_id=314,In no sence
995,./?page=tym&tym_id=995,In Pursuit of Dispute
908,./?page=tym&tym_id=908,Inconpiscious rebels
112,./?page=tym&tym_id=112,Independent
766,./?page=tym&tym_id=766,InEffective
272,./?page=tym&tym_id=272,Inheritance of Darkness
1098,./?page=tym&tym_id=1098,Inkvizice
705,./?page=tym&tym_id=705,Inmoveable object / unstopabble force
64,./?page=tym&tym_id=64,Insania
1485,./?page=tym&tym_id=1485,Institut Václava Klause
4,./?page=tym&tym_id=4,Intel Opium
857,./?page=tym&tym_id=857,Inteligentní kecy
284,./?page=tym&tym_id=284,IOD Revival
1179,./?page=tym&tym_id=1179,IQ houpacího koně
1001,./?page=tym&tym_id=1001,Ironman/Ironwoman
1077,./?page=tym&tym_id=1077,Irrelephant
390,./?page=tym&tym_id=390,ISPeople
370,./?page=tym&tym_id=370,Iterum Sequimur
679,./?page=tym&tym_id=679,Its a kind of magic
916,./?page=tym&tym_id=916,J.E.M.
1343,./?page=tym&tym_id=1343,Já na tebe nejsem tak naštvanej
1118,./?page=tym&tym_id=1118,Já nevím
1147,./?page=tym&tym_id=1147,Já nevím
1462,./?page=tym&tym_id=1462,"Jahůdky, květinky a morčátka"
1180,./?page=tym&tym_id=1180,Jak naštvat Emmu
1474,./?page=tym&tym_id=1474,Jambo
1419,./?page=tym&tym_id=1419,Jandáčková
1017,./?page=tym&tym_id=1017,Javor!!!
1497,./?page=tym&tym_id=1497,jcmm mix
782,./?page=tym&tym_id=782,Je to Dave
827,./?page=tym&tym_id=827,Jednorožci
818,./?page=tym&tym_id=818,Jehovisti
794,./?page=tym&tym_id=794,jElita
650,./?page=tym&tym_id=650,Jelita národa
1450,./?page=tym&tym_id=1450,Jelitní Squadra
191,./?page=tym&tym_id=191,Ještěrky
943,./?page=tym&tym_id=943,Ježci
1090,./?page=tym&tym_id=1090,Ježíšci
211,./?page=tym&tym_id=211,Jikeraspes
1137,./?page=tym&tym_id=1137,"Jiří, Jan a Ivan"
1333,./?page=tym&tym_id=1333,Jméno
1567,./?page=tym&tym_id=1567,JMLDF
482,./?page=tym&tym_id=482,JMT
1510,./?page=tym&tym_id=1510,JNT Tým I
1511,./?page=tym&tym_id=1511,JNT Tým II
1512,./?page=tym&tym_id=1512,JNT Tým III
1513,./?page=tym&tym_id=1513,JNT Tým IV 
1501,./?page=tym&tym_id=1501,Johan Vepřový
1120,./?page=tym&tym_id=1120,John Briden
801,./?page=tym&tym_id=801,Jokers
627,./?page=tym&tym_id=627,Jones
374,./?page=tym&tym_id=374,Jumpies
878,./?page=tym&tym_id=878,K.G.B.
938,./?page=tym&tym_id=938,kaBrňáci
440,./?page=tym&tym_id=440,Kajkoš 
569,./?page=tym&tym_id=569,Kaktusy
1157,./?page=tym&tym_id=1157,Kaktusz Mókus
73,./?page=tym&tym_id=73,Kalašnikov
383,./?page=tym&tym_id=383,Kale čhaja
382,./?page=tym&tym_id=382,Kale jaka
1521,./?page=tym&tym_id=1521,Kalokagathia
10,./?page=tym&tym_id=10,Kamikatze
12,./?page=tym&tym_id=12,Kamikatze Insects
1250,./?page=tym&tym_id=1250,Kamisaki
212,./?page=tym&tym_id=212,Kancelářské krysy
335,./?page=tym&tym_id=335,Karkulky
1178,./?page=tym&tym_id=1178,Kašpaři
294,./?page=tym&tym_id=294,Katamarán
853,./?page=tym&tym_id=853,Katarakta
901,./?page=tym&tym_id=901,Kaunaz
1093,./?page=tym&tym_id=1093,Každá pec jiná pes
391,./?page=tym&tym_id=391,KBH
999,./?page=tym&tym_id=999,Kdo jsme? Co jsme?
282,./?page=tym&tym_id=282,Kecalíci
133,./?page=tym&tym_id=133,Keep Smiling
1210,./?page=tym&tym_id=1210,Kentar Centauri
357,./?page=tym&tym_id=357,Kenvelovci
773,./?page=tym&tym_id=773,Kepler
1068,./?page=tym&tym_id=1068,Kepleráci
851,./?page=tym&tym_id=851,KepleRSM
100,./?page=tym&tym_id=100,Kerdel
143,./?page=tym&tym_id=143,KG V SAKU
229,./?page=tym&tym_id=229,KHS
434,./?page=tym&tym_id=434,Kida a Brepta
770,./?page=tym&tym_id=770,Kidi
1504,./?page=tym&tym_id=1504,Kikískova koťátka
206,./?page=tym&tym_id=206,KINDER BUENO
1097,./?page=tym&tym_id=1097,Kinder vejce
1434,./?page=tym&tym_id=1434,Kiss
1383,./?page=tym&tym_id=1383,KKB
428,./?page=tym&tym_id=428,Klára
256,./?page=tym&tym_id=256,Klenovice - dívky
257,./?page=tym&tym_id=257,Klenovice - kluci
1520,./?page=tym&tym_id=1520,KLM
973,./?page=tym&tym_id=973,Klub debatní
260,./?page=tym&tym_id=260,Klub přátel
1300,./?page=tym&tym_id=1300,Klub přátel Bronislava Zachrdly
848,./?page=tym&tym_id=848,Koblížci
512,./?page=tym&tym_id=512,Kobry z Gyrecu
1023,./?page=tym&tym_id=1023,Kočyčki 123
716,./?page=tym&tym_id=716,Kód B
1251,./?page=tym&tym_id=1251,Kojetín
930,./?page=tym&tym_id=930,Kolumbárium
424,./?page=tym&tym_id=424,Komando Komparativu
1475,./?page=tym&tym_id=1475,Konstruktivní chaos
44,./?page=tym&tym_id=44,Kopečkovic
1065,./?page=tym&tym_id=1065,Korolená
59,./?page=tym&tym_id=59,Korupce
816,./?page=tym&tym_id=816,Kostičky
823,./?page=tym&tym_id=823,Koťátka
1252,./?page=tym&tym_id=1252,Kotlerova koťátka
909,./?page=tym&tym_id=909,Kouboyz
1276,./?page=tym&tym_id=1276,Kouzelné bambitky
981,./?page=tym&tym_id=981,Kowalskiho klub
753,./?page=tym&tym_id=753,KOXXL
1342,./?page=tym&tym_id=1342,KPBZ
1034,./?page=tym&tym_id=1034,KPSPSMR
932,./?page=tym&tym_id=932,KPSPSMZ
475,./?page=tym&tym_id=475,Krásní
275,./?page=tym&tym_id=275,Krev a mlíko
1377,./?page=tym&tym_id=1377,"Kristián Čech, pytel plný blech"
238,./?page=tym&tym_id=238,Krmné brambory
833,./?page=tym&tym_id=833,Krnov
1522,./?page=tym&tym_id=1522,Kromcl 1
1523,./?page=tym&tym_id=1523,Kromcl 2
869,./?page=tym&tym_id=869,Kroskvesčňáci
1384,./?page=tym&tym_id=1384,Kryptošlechta
552,./?page=tym&tym_id=552,Krysičátka
919,./?page=tym&tym_id=919,Krysičky
961,./?page=tym&tym_id=961,Křídy z třídy
1461,./?page=tym&tym_id=1461,Křiklanův klub ČAO8
839,./?page=tym&tym_id=839,Křižáci
597,./?page=tym&tym_id=597,KTPZ Turistická krabička
1311,./?page=tym&tym_id=1311,Kuba nemá ban
1588,./?page=tym&tym_id=1588,Kubík
301,./?page=tym&tym_id=301,Kubiks and Queen
513,./?page=tym&tym_id=513,Kucovi miláčci
179,./?page=tym&tym_id=179,Kuřata
603,./?page=tym&tym_id=603,Kvak
888,./?page=tym&tym_id=888,Kvasnice
474,./?page=tym&tym_id=474,KVT
1385,./?page=tym&tym_id=1385,Kyblík
1041,./?page=tym&tym_id=1041,L.R. Shark
1555,./?page=tym&tym_id=1555,La Gloire
835,./?page=tym&tym_id=835,Lacerta
903,./?page=tym&tym_id=903,Lahváči
1158,./?page=tym&tym_id=1158,LaKaEv
763,./?page=tym&tym_id=763,Lamageddon
198,./?page=tym&tym_id=198,Laura a její Pomlčka
110,./?page=tym&tym_id=110,LAZ
117,./?page=tym&tym_id=117,Lazy English
1012,./?page=tym&tym_id=1012,Le debute
1576,./?page=tym&tym_id=1576,Legally Blondes
171,./?page=tym&tym_id=171,Lemmings
104,./?page=tym&tym_id=104,Lentilky
136,./?page=tym&tym_id=136,Lentylky
1460,./?page=tym&tym_id=1460,Lepíci
741,./?page=tym&tym_id=741,Lepus culinae
37,./?page=tym&tym_id=37,Les Miserables
1174,./?page=tym&tym_id=1174,Levicová strana debatérů
915,./?page=tym&tym_id=915,Levopravé žralokárium
526,./?page=tym&tym_id=526,Liberec 1
525,./?page=tym&tym_id=525,Liberec 2
138,./?page=tym&tym_id=138,Lichtenštejnská trojka
86,./?page=tym&tym_id=86,Likvidace
1532,./?page=tym&tym_id=1532,Lilek + Okurky
380,./?page=tym&tym_id=380,Lincoln a dvě blondýny
1148,./?page=tym&tym_id=1148,Lithium
145,./?page=tym&tym_id=145,Little Stars
17,./?page=tym&tym_id=17,Lizards
441,./?page=tym&tym_id=441,Ljutomer Legacy
208,./?page=tym&tym_id=208,LL Boys
153,./?page=tym&tym_id=153,Lois
1253,./?page=tym&tym_id=1253,Looney Tunes
255,./?page=tym&tym_id=255,Lordi
645,./?page=tym&tym_id=645,Los Ballatycos
1529,./?page=tym&tym_id=1529,Los Debateros
240,./?page=tym&tym_id=240,Lost Paradise
1455,./?page=tym&tym_id=1455,Louboutins
662,./?page=tym&tym_id=662,Loud and Clear
397,./?page=tym&tym_id=397,Love and Peace
39,./?page=tym&tym_id=39,LSD
1,./?page=tym&tym_id=1,LucyLess Harem
1033,./?page=tym&tym_id=1033,Luftwafle
277,./?page=tym&tym_id=277,Lulánky
785,./?page=tym&tym_id=785,Lutra felix
393,./?page=tym&tym_id=393,Lux Veritasque
241,./?page=tym&tym_id=241,Lužánky
279,./?page=tym&tym_id=279,Lyceus
730,./?page=tym&tym_id=730,M.K.A.
638,./?page=tym&tym_id=638,Maccus
887,./?page=tym&tym_id=887,Mačkáš mi hada
847,./?page=tym&tym_id=847,MAD Hladnov
648,./?page=tym&tym_id=648,Madness team
88,./?page=tym&tym_id=88,Mafia
1503,./?page=tym&tym_id=1503,Mágové
31,./?page=tym&tym_id=31,MACH4
1386,./?page=tym&tym_id=1386,Makarony se sýrem
1072,./?page=tym&tym_id=1072,MAKDM
1328,./?page=tym&tym_id=1328,Malakas
553,./?page=tym&tym_id=553,Malé krysičky
1325,./?page=tym&tym_id=1325,Málo testosteronu
1295,./?page=tym&tym_id=1295,Malta
1571,./?page=tym&tym_id=1571,Mám vymleto
1435,./?page=tym&tym_id=1435,Máme pravdu
204,./?page=tym&tym_id=204,Mamina
692,./?page=tym&tym_id=692,MANIACI
1286,./?page=tym&tym_id=1286,Manželství pro nikoho
1303,./?page=tym&tym_id=1303,Marcelovci
747,./?page=tym&tym_id=747,Martin and his Blondies
656,./?page=tym&tym_id=656,Matiční A
657,./?page=tym&tym_id=657,Matiční B
307,./?page=tym&tym_id=307,MC Pačaj
734,./?page=tym&tym_id=734,Médium
966,./?page=tym&tym_id=966,Mechanický pomeranč
102,./?page=tym&tym_id=102,Melody Bojs
583,./?page=tym&tym_id=583,Meme
415,./?page=tym&tym_id=415,Memento Mori
1338,./?page=tym&tym_id=1338,Memoriál D.H.
1175,./?page=tym&tym_id=1175,Mess²
1387,./?page=tym&tym_id=1387,META z JP2
491,./?page=tym&tym_id=491,Metaři
111,./?page=tym&tym_id=111,Meteorit
885,./?page=tym&tym_id=885,Metodický okýnko
1324,./?page=tym&tym_id=1324,MgO
1490,./?page=tym&tym_id=1490,MgO Alfy
1409,./?page=tym&tym_id=1409,MgO mix
1476,./?page=tym&tym_id=1476,MgO Sigmy
456,./?page=tym&tym_id=456,MGO-SGO
1181,./?page=tym&tym_id=1181,Mickeyho klubík
1531,./?page=tym&tym_id=1531,Mighty legends of Karlovy Vary
1035,./?page=tym&tym_id=1035,Milion melounů
1046,./?page=tym&tym_id=1046,Milion mínus
875,./?page=tym&tym_id=875,Mimo provoz
788,./?page=tym&tym_id=788,Mimomensani
928,./?page=tym&tym_id=928,miniCarrs
361,./?page=tym&tym_id=361,Miss3
612,./?page=tym&tym_id=612,Mistek bastards
1139,./?page=tym&tym_id=1139,Mišky
267,./?page=tym&tym_id=267,Mix 1
340,./?page=tym&tym_id=340,mix 1
1486,./?page=tym&tym_id=1486,"Mix 1,0"
268,./?page=tym&tym_id=268,Mix 2
339,./?page=tym&tym_id=339,mix 2
537,./?page=tym&tym_id=537,Mix 2012
269,./?page=tym&tym_id=269,Mix 3
341,./?page=tym&tym_id=341,mix 3
270,./?page=tym&tym_id=270,Mix 4
342,./?page=tym&tym_id=342,mix 4
338,./?page=tym&tym_id=338,mix 5
337,./?page=tym&tym_id=337,mix 6
1062,./?page=tym&tym_id=1062,mix 7
1509,./?page=tym&tym_id=1509,Mix Wigym
1558,./?page=tym&tym_id=1558,Mixer on the beach
1536,./?page=tym&tym_id=1536,MKUltra
281,./?page=tym&tym_id=281,MKV
489,./?page=tym&tym_id=489,Mladá garda
41,./?page=tym&tym_id=41,Mladí svisti
1162,./?page=tym&tym_id=1162,Mlynáři
1058,./?page=tym&tym_id=1058,MMA
900,./?page=tym&tym_id=900,Modrá velryba
304,./?page=tym&tym_id=304,Modří
1517,./?page=tym&tym_id=1517,Modří
1313,./?page=tym&tym_id=1313,Mokré Tornádo
457,./?page=tym&tym_id=457,Monument Trio
1388,./?page=tym&tym_id=1388,Morálně nezávadná jablka
897,./?page=tym&tym_id=897,Morální koťátka
1022,./?page=tym&tym_id=1022,Morava-Slezsko United
687,./?page=tym&tym_id=687,Moravani
635,./?page=tym&tym_id=635,Morey
693,./?page=tym&tym_id=693,Morrismajsters
487,./?page=tym&tym_id=487,Morrisova velká hlava
830,./?page=tym&tym_id=830,Motýlci
78,./?page=tym&tym_id=78,"Možná, snad, asi"
328,./?page=tym&tym_id=328,Mr.ERROR
1149,./?page=tym&tym_id=1149,Mrtvá osvojená paryba
1150,./?page=tym&tym_id=1150,Muglinov muggers
1389,./?page=tym&tym_id=1389,Much a Chos
42,./?page=tym&tym_id=42,Müsli
176,./?page=tym&tym_id=176,MVD
247,./?page=tym&tym_id=247,My Favourite
1358,./?page=tym&tym_id=1358,My to po nich chceme
1575,./?page=tym&tym_id=1575,My to ukecáme
324,./?page=tym&tym_id=324,Mystiq
131,./?page=tym&tym_id=131,MyVolení
551,./?page=tym&tym_id=551,MyX
1128,./?page=tym&tym_id=1128,Na Moravě nejsou ploty
1036,./?page=tym&tym_id=1036,Na ostro
605,./?page=tym&tym_id=605,Na slovíčko
575,./?page=tym&tym_id=575,Na Stojáka
1201,./?page=tym&tym_id=1201,Nabil El Jaber
388,./?page=tym&tym_id=388,Náhodný_1
389,./?page=tym&tym_id=389,Náhodný_2
1344,./?page=tym&tym_id=1344,Národný tím severné Uhorsko
939,./?page=tym&tym_id=939,Natanův UFO harém
607,./?page=tym&tym_id=607,NBK
1415,./?page=tym&tym_id=1415,Nebezpečné lečo
1059,./?page=tym&tym_id=1059,Nebojácní pionýři
622,./?page=tym&tym_id=622,Něco hezkého
942,./?page=tym&tym_id=942,Něco napiš
1020,./?page=tym&tym_id=1020,"Neděláme nic, ale děláme to dobře"
1013,./?page=tym&tym_id=1013,Negace
972,./?page=tym&tym_id=972,Negatives
980,./?page=tym&tym_id=980,Negativity
1213,./?page=tym&tym_id=1213,Negativní Bažanti
20,./?page=tym&tym_id=20,Negotiating Terrorists
1542,./?page=tym&tym_id=1542,Necháme to na osudu
1573,./?page=tym&tym_id=1573,Neidentifikovatelný tým
200,./?page=tym&tym_id=200,Nejfeder
1207,./?page=tym&tym_id=1207,Nejlepší tým kroměřížských debatérů
157,./?page=tym&tym_id=157,Nejsme příčkaři
476,./?page=tym&tym_id=476,Nekrásní
1124,./?page=tym&tym_id=1124,Nemáme 3
1310,./?page=tym&tym_id=1310,Nemáme třetího
1254,./?page=tym&tym_id=1254,Němčina pro SŠ
1519,./?page=tym&tym_id=1519,Nepojmenovatelní
484,./?page=tym&tym_id=484,Nepropadejte panice!
183,./?page=tym&tym_id=183,Nerds
1152,./?page=tym&tym_id=1152,Nerozhodnutí
1061,./?page=tym&tym_id=1061,Nesouhlasný tým školení
1515,./?page=tym&tym_id=1515,Nesourodý tým
571,./?page=tym&tym_id=571,Nestlè
1165,./?page=tym&tym_id=1165,netušim ako sem se tu octl
515,./?page=tym&tym_id=515,Neuburger Urquell
910,./?page=tym&tym_id=910,Neutrality
1568,./?page=tym&tym_id=1568,Nevyzpytatelná zvířata
57,./?page=tym&tym_id=57,New Kids
52,./?page=tym&tym_id=52,Nezbedny from Bedny
1390,./?page=tym&tym_id=1390,nickiho klubík
1203,./?page=tym&tym_id=1203,Nicolasovy kočičky
258,./?page=tym&tym_id=258,Nichtmehr in Paris
48,./?page=tym&tym_id=48,No Comment
97,./?page=tym&tym_id=97,No comment
1553,./?page=tym&tym_id=1553,No comment
202,./?page=tym&tym_id=202,No Doubt
443,./?page=tym&tym_id=443,NO IDEA
137,./?page=tym&tym_id=137,No name
1563,./?page=tym&tym_id=1563,No Point
590,./?page=tym&tym_id=590,No Pressure
98,./?page=tym&tym_id=98,No problem
494,./?page=tym&tym_id=494,No sé
805,./?page=tym&tym_id=805,No stress pls
949,./?page=tym&tym_id=949,Noční hlídka
1469,./?page=tym&tym_id=1469,Nomen Nolumus
1044,./?page=tym&tym_id=1044,Non intellego
291,./?page=tym&tym_id=291,Non Sequitur
1079,./?page=tym&tym_id=1079,Normíci
142,./?page=tym&tym_id=142,Not possible
742,./?page=tym&tym_id=742,Nováčci
400,./?page=tym&tym_id=400,NS1
401,./?page=tym&tym_id=401,NS2
402,./?page=tym&tym_id=402,NS3
403,./?page=tym&tym_id=403,NS4
1582,./?page=tym&tym_id=1582,NT 2025 - opp
1581,./?page=tym&tym_id=1581,NT 2025 - prop
467,./?page=tym&tym_id=467,NT1
468,./?page=tym&tym_id=468,NT2
799,./?page=tym&tym_id=799,Nulli secundus
416,./?page=tym&tym_id=416,Nullo Modo
795,./?page=tym&tym_id=795,Nulou nepodělíš
1037,./?page=tym&tym_id=1037,Nulová šance
651,./?page=tym&tym_id=651,Ňuňánci
1071,./?page=tym&tym_id=1071,Ňuníci
595,./?page=tym&tym_id=595,NYMBU
499,./?page=tym&tym_id=499,Nymburský mix 1
500,./?page=tym&tym_id=500,Nymburský mix 2
986,./?page=tym&tym_id=986,NYMCAG
429,./?page=tym&tym_id=429,NymGE
624,./?page=tym&tym_id=624,Ocean Motion
756,./?page=tym&tym_id=756,OEGP
758,./?page=tym&tym_id=758,OEGP B
584,./?page=tym&tym_id=584,OG
1329,./?page=tym&tym_id=1329,OG 1
1350,./?page=tym&tym_id=1350,OG 3
768,./?page=tym&tym_id=768,OG 4
1066,./?page=tym&tym_id=1066,OG Tým Ivan
1067,./?page=tym&tym_id=1067,OG Tým Matěj
1396,./?page=tym&tym_id=1396,OG-Hrabůvka
528,./?page=tym&tym_id=528,OGL - Negativní Krysičky
527,./?page=tym&tym_id=527,OGL - Pozitivní Krysičky
904,./?page=tym&tym_id=904,Ohyzdné předvčerejšky
237,./?page=tym&tym_id=237,Okey Dokey
1368,./?page=tym&tym_id=1368,Oktáva 2023
1477,./?page=tym&tym_id=1477,Okurky
914,./?page=tym&tym_id=914,Olle
302,./?page=tym&tym_id=302,Olomouc D
822,./?page=tym&tym_id=822,OMG
1355,./?page=tym&tym_id=1355,Online Affi
1356,./?page=tym&tym_id=1356,Online Nega
70,./?page=tym&tym_id=70,Ooodles
859,./?page=tym&tym_id=859,Opatovský mix
1049,./?page=tym&tym_id=1049,Opavský mix
1069,./?page=tym&tym_id=1069,Open Gate 1
290,./?page=tym&tym_id=290,Open Gate 2
445,./?page=tym&tym_id=445,Open Graves
976,./?page=tym&tym_id=976,Opium lidstva
686,./?page=tym&tym_id=686,Orbit Team
398,./?page=tym&tym_id=398,OST BHF
1391,./?page=tym&tym_id=1391,Ostrava!!!
470,./?page=tym&tym_id=470,Otazníci
113,./?page=tym&tym_id=113,Otazník
765,./?page=tym&tym_id=765,Otitis externa
772,./?page=tym&tym_id=772,Ou six
1135,./?page=tym&tym_id=1135,Oui Oui
684,./?page=tym&tym_id=684,Our Highness
1451,./?page=tym&tym_id=1451,Ovce ze Spálova
1050,./?page=tym&tym_id=1050,Oxid hořečnatý
1257,./?page=tym&tym_id=1257,Oxid hořečnatý 1
1258,./?page=tym&tym_id=1258,Oxid hořečnatý 2
352,./?page=tym&tym_id=352,P-Unit
1459,./?page=tym&tym_id=1459,P. T. S. D.
1112,./?page=tym&tym_id=1112,P.GO
728,./?page=tym&tym_id=728,Pacifiction
210,./?page=tym&tym_id=210,Pačas Peske
1491,./?page=tym&tym_id=1491,Padouši
345,./?page=tym&tym_id=345,PAKA
717,./?page=tym&tym_id=717,Páky
221,./?page=tym&tym_id=221,Palmolive (Lux)
691,./?page=tym&tym_id=691,Palonga
217,./?page=tym&tym_id=217,Pampelišky
375,./?page=tym&tym_id=375,ParadoKS
1467,./?page=tym&tym_id=1467,pardon?
228,./?page=tym&tym_id=228,Párkaři
675,./?page=tym&tym_id=675,Pašinda
435,./?page=tym&tym_id=435,Pat a Mat 
436,./?page=tym&tym_id=436,Patice a Matice
1540,./?page=tym&tym_id=1540,PBIS
1395,./?page=tym&tym_id=1395,PBIS Blue
1394,./?page=tym&tym_id=1394,PBIS Red
611,./?page=tym&tym_id=611,Peppers
366,./?page=tym&tym_id=366,Per aspera ad astra
377,./?page=tym&tym_id=377,Per Elequens
834,./?page=tym&tym_id=834,Perníkáři
1296,./?page=tym&tym_id=1296,Petelice bomby
1376,./?page=tym&tym_id=1376,Petr Kasička
891,./?page=tym&tym_id=891,Piešáci
219,./?page=tym&tym_id=219,Píchlá duše
1211,./?page=tym&tym_id=1211,Pilát Pontský
1345,./?page=tym&tym_id=1345,Pilsner debatéři
38,./?page=tym&tym_id=38,Pink Ladies
172,./?page=tym&tym_id=172,Pink Lovers
629,./?page=tym&tym_id=629,Pintel
817,./?page=tym&tym_id=817,Pioneers
568,./?page=tym&tym_id=568,Piráti
75,./?page=tym&tym_id=75,Písek
1277,./?page=tym&tym_id=1277,Piwo to moje paliwo
225,./?page=tym&tym_id=225,Plachťáci
646,./?page=tym&tym_id=646,Plameňačky
250,./?page=tym&tym_id=250,Plíživá pravda
998,./?page=tym&tym_id=998,Plnou parou vzad
1259,./?page=tym&tym_id=1259,Plus minus Klaudy
524,./?page=tym&tym_id=524,Plzeň
1218,./?page=tym&tym_id=1218,pnss100
685,./?page=tym&tym_id=685,Podstatná jména VAMH
1084,./?page=tym&tym_id=1084,POGO
126,./?page=tym&tym_id=126,Poison Voice
617,./?page=tym&tym_id=617,Poker Face
1290,./?page=tym&tym_id=1290,Polistopadový kartel
61,./?page=tym&tym_id=61,Pomlčka
35,./?page=tym&tym_id=35,Ponorka
1026,./?page=tym&tym_id=1026,PONTO
1183,./?page=tym&tym_id=1183,POPULARIZED
581,./?page=tym&tym_id=581,PORG
670,./?page=tym&tym_id=670,PORG Juniors
1260,./?page=tym&tym_id=1260,PORGanized Chaos
1153,./?page=tym&tym_id=1153,Porubská smečka
1063,./?page=tym&tym_id=1063,Poslední přeživší
1374,./?page=tym&tym_id=1374,Postupická aff
1375,./?page=tym&tym_id=1375,Postupická neg
423,./?page=tym&tym_id=423,Pošta pro Tebe
1572,./?page=tym&tym_id=1572,Power Rangers
1042,./?page=tym&tym_id=1042,Pozitivity
1212,./?page=tym&tym_id=1212,Pozitivní Bažanti
1407,./?page=tym&tym_id=1407,Pozor kluzká podlaha!
713,./?page=tym&tym_id=713,PPDS
459,./?page=tym&tym_id=459,Prague British School A
1027,./?page=tym&tym_id=1027,Pralesní liga
1270,./?page=tym&tym_id=1270,prasata:)
743,./?page=tym&tym_id=743,Pravda a láska
540,./?page=tym&tym_id=540,Prazdroj
62,./?page=tym&tym_id=62,Precioso
331,./?page=tym&tym_id=331,Preclíci
1372,./?page=tym&tym_id=1372,Prestiž
320,./?page=tym&tym_id=320,Prestižáci
600,./?page=tym&tym_id=600,prima I.
601,./?page=tym&tym_id=601,prima II.
74,./?page=tym&tym_id=74,Primavera
654,./?page=tym&tym_id=654,Primus inter pares
55,./?page=tym&tym_id=55,Princes of Universe
1436,./?page=tym&tym_id=1436,Princezny z Prajzské
842,./?page=tym&tym_id=842,Principiante da Mensa
929,./?page=tym&tym_id=929,Profodníci
518,./?page=tym&tym_id=518,Projekt 1
519,./?page=tym&tym_id=519,Projekt 2
520,./?page=tym&tym_id=520,Projekt 3
521,./?page=tym&tym_id=521,Projekt 4
522,./?page=tym&tym_id=522,Projekt 5
523,./?page=tym&tym_id=523,Projekt 6
1004,./?page=tym&tym_id=1004,Projeli jsme to u Slavkova
1370,./?page=tym&tym_id=1370,Proletariát
1346,./?page=tym&tym_id=1346,Protagoras
877,./?page=tym&tym_id=877,Protože mikrovlnka nebyla
478,./?page=tym&tym_id=478,Provizorní
135,./?page=tym&tym_id=135,Prozatím
1122,./?page=tym&tym_id=1122,Průměrný Pražák je podprůměrný Čech
1452,./?page=tym&tym_id=1452,PředRažené MásLo
1056,./?page=tym&tym_id=1056,Přejebbruna
1010,./?page=tym&tym_id=1010,Přelec
1261,./?page=tym&tym_id=1261,Přerovský smog
1399,./?page=tym&tym_id=1399,Přesvědčivé pandy
1185,./?page=tym&tym_id=1185,Převozníci z Přívozu
912,./?page=tym&tym_id=912,Přípotoční
988,./?page=tym&tym_id=988,Přítulný anonym
1496,./?page=tym&tym_id=1496,Psilocybin
642,./?page=tym&tym_id=642,Psokočka
1116,./?page=tym&tym_id=1116,PTSDŠD
305,./?page=tym&tym_id=305,Pumy
872,./?page=tym&tym_id=872,Punk.
1094,./?page=tym&tym_id=1094,Putin on the Ritz
106,./?page=tym&tym_id=106,Qualcosa di speciale
621,./?page=tym&tym_id=621,Quapla´
1102,./?page=tym&tym_id=1102,Quentiam Dolor
1340,./?page=tym&tym_id=1340,Quis interrogabat?
634,./?page=tym&tym_id=634,Ragetti
1080,./?page=tym&tym_id=1080,Raisins
432,./?page=tym&tym_id=432,Rajzovci
925,./?page=tym&tym_id=925,Rakeťáci
1007,./?page=tym&tym_id=1007,Raraši
84,./?page=tym&tym_id=84,Rasta
712,./?page=tym&tym_id=712,Raubíři
874,./?page=tym&tym_id=874,Raubíři 2
924,./?page=tym&tym_id=924,Realisté
1126,./?page=tym&tym_id=1126,RED
1154,./?page=tym&tym_id=1154,Red Aces
152,./?page=tym&tym_id=152,Red Alert
495,./?page=tym&tym_id=495,Red Herring
602,./?page=tym&tym_id=602,Red Hot Chilli Poppers
608,./?page=tym&tym_id=608,Red Rangers
694,./?page=tym&tym_id=694,Red Ties
1103,./?page=tym&tym_id=1103,Relaxační zvuky velryb
116,./?page=tym&tym_id=116,Respect
947,./?page=tym&tym_id=947,Resyneferatoxin
1541,./?page=tym&tym_id=1541,Rhetorical Kittens
1444,./?page=tym&tym_id=1444,Rim Tim Tagi Dim
411,./?page=tym&tym_id=411,Roasted Peas
610,./?page=tym&tym_id=610,Rockits
1479,./?page=tym&tym_id=1479,Rohlík
218,./?page=tym&tym_id=218,Rom Romňaha
254,./?page=tym&tym_id=254,Romane Čhaja
79,./?page=tym&tym_id=79,Romania - Green Team
80,./?page=tym&tym_id=80,Romania - Neverminders
45,./?page=tym&tym_id=45,Ropáci
479,./?page=tym&tym_id=479,Rosomáci
193,./?page=tym&tym_id=193,Roštěnky
1204,./?page=tym&tym_id=1204,"Róza, Sofie, Lukáš"
1422,./?page=tym&tym_id=1422,Rozhodčí team 
719,./?page=tym&tym_id=719,Rudá hrozba
594,./?page=tym&tym_id=594,Rukavičky
1353,./?page=tym&tym_id=1353,Rumburk
663,./?page=tym&tym_id=663,Růžový princezny
1262,./?page=tym&tym_id=1262,Rybičky z Bečvy
355,./?page=tym&tym_id=355,Rychlá Rota
1110,./?page=tym&tym_id=1110,Rychlé šípy
1554,./?page=tym&tym_id=1554,Rychlé šípy
1085,./?page=tym&tym_id=1085,Rytíři Rutherforda B. Hayse
67,./?page=tym&tym_id=67,Řečniště - Loosers
168,./?page=tym&tym_id=168,Řekni něco!
1196,./?page=tym&tym_id=1196,Řeporyje Tým 1
1197,./?page=tym&tym_id=1197,Řeporyje Tým 2
1392,./?page=tym&tym_id=1392,Sáblíkovy děti
554,./?page=tym&tym_id=554,Sabotáž
1480,./?page=tym&tym_id=1480,Saints
280,./?page=tym&tym_id=280,Sametoví medvídci
1279,./?page=tym&tym_id=1279,Sámova říše
996,./?page=tym&tym_id=996,Sářiny děti
821,./?page=tym&tym_id=821,Sashovy šílenosti
1393,./?page=tym&tym_id=1393,Sauron
178,./?page=tym&tym_id=178,Scarabes
1543,./?page=tym&tym_id=1543,SCIO A
1544,./?page=tym&tym_id=1544,SCIO B
1545,./?page=tym&tym_id=1545,SCIO C
1546,./?page=tym&tym_id=1546,SCIO D
1168,./?page=tym&tym_id=1168,SCVRNKLS
160,./?page=tym&tym_id=160,Se jménem
266,./?page=tym&tym_id=266,Sedmořádci
894,./?page=tym&tym_id=894,Selenium under control
1083,./?page=tym&tym_id=1083,Sernie Banders
1015,./?page=tym&tym_id=1015,Serotonin
578,./?page=tym&tym_id=578,Sexuální mašiny
1402,./?page=tym&tym_id=1402,SGB
298,./?page=tym&tym_id=298,Shiny happy people
1448,./?page=tym&tym_id=1448,Shum
709,./?page=tym&tym_id=709,Schnitzel
1565,./?page=tym&tym_id=1565,Schrödingerovy kočky
1502,./?page=tym&tym_id=1502,Siesťák
964,./?page=tym&tym_id=964,Silencio
158,./?page=tym&tym_id=158,Simpsonovi
285,./?page=tym&tym_id=285,Simpsonovi Darjav
1406,./?page=tym&tym_id=1406,Sisyfův kámen
1002,./?page=tym&tym_id=1002,Sit vis tecum
1219,./?page=tym&tym_id=1219,SK Slezská
1095,./?page=tym&tym_id=1095,Skalára
1437,./?page=tym&tym_id=1437,Skoro Moraváci
1525,./?page=tym&tym_id=1525,Skoro Stojan
199,./?page=tym&tym_id=199,Skvěláci
864,./?page=tym&tym_id=864,Slátanina
846,./?page=tym&tym_id=846,Slav Princesses
1397,./?page=tym&tym_id=1397,Slay sisters
349,./?page=tym&tym_id=349,SLEČNY
149,./?page=tym&tym_id=149,Slepenec
977,./?page=tym&tym_id=977,Slepí chodci
1289,./?page=tym&tym_id=1289,Slezská buržoazie
1028,./?page=tym&tym_id=1028,Slezsko > Morava
733,./?page=tym&tym_id=733,Slovan Teherán
510,./?page=tym&tym_id=510,Slovenský národní tým
8,./?page=tym&tym_id=8,Slow Death
105,./?page=tym&tym_id=105,Sluníčka
223,./?page=tym&tym_id=223,Sluníčka
702,./?page=tym&tym_id=702,Small but smart
729,./?page=tym&tym_id=729,Smart is the new sexy
1134,./?page=tym&tym_id=1134,Smazat
1330,./?page=tym&tym_id=1330,Smazat
1494,./?page=tym&tym_id=1494,SMAZAT
614,./?page=tym&tym_id=614,Smile
323,./?page=tym&tym_id=323,Smiles
18,./?page=tym&tym_id=18,Smilies
299,./?page=tym&tym_id=299,SMILLES
334,./?page=tym&tym_id=334,Sněhurky
1186,./?page=tym&tym_id=1186,Sněženky a machři
412,./?page=tym&tym_id=412,Sněžný koule
1256,./?page=tym&tym_id=1256,SNM
879,./?page=tym&tym_id=879,Sobotkova demise
1481,./?page=tym&tym_id=1481,Socratův kruh
11,./?page=tym&tym_id=11,Sophie's Choice
175,./?page=tym&tym_id=175,Sopth-headed Sophties
960,./?page=tym&tym_id=960,Soudruzi
1096,./?page=tym&tym_id=1096,Soudruzi z NDR
1060,./?page=tym&tym_id=1060,Souhlasný tým školení
987,./?page=tym&tym_id=987,Source or it didn´t happen
1562,./?page=tym&tym_id=1562,Spajzi GYRA
177,./?page=tym&tym_id=177,Spamm
625,./?page=tym&tym_id=625,Sparrow
1492,./?page=tym&tym_id=1492,SpeakUp!
666,./?page=tym&tym_id=666,Spes novae
678,./?page=tym&tym_id=678,Spiritt
1025,./?page=tym&tym_id=1025,Sportovně založení debatéři
596,./?page=tym&tym_id=596,Spravedlivý mezi národy
300,./?page=tym&tym_id=300,SPRING FLOWERS
726,./?page=tym&tym_id=726,Squadra felice
725,./?page=tym&tym_id=725,Squadra mista
688,./?page=tym&tym_id=688,Squirrel Submarine
1301,./?page=tym&tym_id=1301,"Sranda musi byt, aj kdyby tatu věšali"
1263,./?page=tym&tym_id=1263,SSM
1176,./?page=tym&tym_id=1176,SSPŠ
1354,./?page=tym&tym_id=1354,St. Y. LOVE
1000,./?page=tym&tym_id=1000,Stalinovy slzy
297,./?page=tym&tym_id=297,Stalkers
997,./?page=tym&tym_id=997,Stanovy děti
490,./?page=tym&tym_id=490,Stará garda
226,./?page=tym&tym_id=226,Starobrno
295,./?page=tym&tym_id=295,Starostliví medvídci
197,./?page=tym&tym_id=197,Stars
576,./?page=tym&tym_id=576,Stěrači
9,./?page=tym&tym_id=9,Still Smart Chickens
1526,./?page=tym&tym_id=1526,Stojan 1
1527,./?page=tym&tym_id=1527,Stojan 2
1524,./?page=tym&tym_id=1524,Stojanův Kromcl
1570,./?page=tym&tym_id=1570,Stračka
1366,./?page=tym&tym_id=1366,Strana explicitně-konzistentních debatérů
1132,./?page=tym&tym_id=1132,Strana přímých debatérů
214,./?page=tym&tym_id=214,Strea Key
184,./?page=tym&tym_id=184,Strong Speech
1404,./?page=tym&tym_id=1404,Stylově
1314,./?page=tym&tym_id=1314,Suchá Povodeň
890,./?page=tym&tym_id=890,Sulfur
764,./?page=tym&tym_id=764,Super Bros.
1299,./?page=tym&tym_id=1299,Superlativa
395,./?page=tym&tym_id=395,SUPERMANDARINKY
962,./?page=tym&tym_id=962,Sushell
1586,./?page=tym&tym_id=1586,sustainbro.cz
1438,./?page=tym&tym_id=1438,SUVAT
731,./?page=tym&tym_id=731,Süβigkeiten
386,./?page=tym&tym_id=386,Svatý pluk
1365,./?page=tym&tym_id=1365,Svaz českých kolejologů
1535,./?page=tym&tym_id=1535,Svědci Kalouskovi
1264,./?page=tym&tym_id=1264,Sveiki
1454,./?page=tym&tym_id=1454,Svíčková Bába
312,./?page=tym&tym_id=312,SVK Shrob
1177,./?page=tym&tym_id=1177,Svobodné město Gdaňsk
626,./?page=tym&tym_id=626,Swann
1506,./?page=tym&tym_id=1506,Sweet Potaty
895,./?page=tym&tym_id=895,Sweet Red Ties
24,./?page=tym&tym_id=24,Symbióza
1182,./?page=tym&tym_id=1182,Syndrom vařené žáby
1255,./?page=tym&tym_id=1255,SZB
421,./?page=tym&tym_id=421,Šabákovi otroci
123,./?page=tym&tym_id=123,Šest minut
1339,./?page=tym&tym_id=1339,Škodáčci
358,./?page=tym&tym_id=358,Škodná
362,./?page=tym&tym_id=362,Škodovo
892,./?page=tym&tym_id=892,Školení 1
893,./?page=tym&tym_id=893,Školení 2
541,./?page=tym&tym_id=541,Školení A
542,./?page=tym&tym_id=542,Školení B
543,./?page=tym&tym_id=543,Školení C
544,./?page=tym&tym_id=544,Školení D
545,./?page=tym&tym_id=545,Školení E
546,./?page=tym&tym_id=546,Školení F
547,./?page=tym&tym_id=547,Školení G
548,./?page=tym&tym_id=548,Školení H
549,./?page=tym&tym_id=549,Školení CH
550,./?page=tym&tym_id=550,Školení I
72,./?page=tym&tym_id=72,Škopkovic
1265,./?page=tym&tym_id=1265,Šlapáci a Šlapky
1495,./?page=tym&tym_id=1495,Šlapeto
1202,./?page=tym&tym_id=1202,Šmoulové
1408,./?page=tym&tym_id=1408,Špagety s nutellou
192,./?page=tym&tym_id=192,Špuntíci
754,./?page=tym&tym_id=754,Štamgasti
408,./?page=tym&tym_id=408,Šťastná 13
820,./?page=tym&tym_id=820,Štěpalej
755,./?page=tym&tym_id=755,Štěpánská
132,./?page=tym&tym_id=132,Štika
196,./?page=tym&tym_id=196,T-Masters
1293,./?page=tym&tym_id=1293,Tady To máš
51,./?page=tym&tym_id=51,Tak my
1133,./?page=tym&tym_id=1133,Talentíci
1189,./?page=tym&tym_id=1189,Talentíci 2.0
1273,./?page=tym&tym_id=1273,Tantal
1414,./?page=tym&tym_id=1414,Tautohetohe
1566,./?page=tym&tym_id=1566,TBH
586,./?page=tym&tym_id=586,Tea baggers
689,./?page=tym&tym_id=689,Team ANO
690,./?page=tym&tym_id=690,Team NE
1269,./?page=tym&tym_id=1269,Team Ohio
951,./?page=tym&tym_id=951,Technically Czech
720,./?page=tym&tym_id=720,Tenebrae Concilium
1284,./?page=tym&tym_id=1284,Teorie relativity
1359,./?page=tym&tym_id=1359,Testování AFF
1360,./?page=tym&tym_id=1360,Testování NEG
1051,./?page=tym&tym_id=1051,Testudines Parves
378,./?page=tym&tym_id=378,Těšínská kvítka
1205,./?page=tym&tym_id=1205,teta eťa
359,./?page=tym&tym_id=359,Tetanovky
1557,./?page=tym&tym_id=1557,TEZEův Vrak
1163,./?page=tym&tym_id=1163,That's debatable
1136,./?page=tym&tym_id=1136,The Banana Council
1533,./?page=tym&tym_id=1533,The Boilers
591,./?page=tym&tym_id=591,The Bumblebee Mash
952,./?page=tym&tym_id=952,The Clueless
674,./?page=tym&tym_id=674,The ČAG Norris
50,./?page=tym&tym_id=50,The Dark Side
1351,./?page=tym&tym_id=1351,The Economist
724,./?page=tym&tym_id=724,The Emperor's Club
967,./?page=tym&tym_id=967,"The Good, the Bad, the Ugly"
1089,./?page=tym&tym_id=1089,The Handsome Duo
147,./?page=tym&tym_id=147,The Invincible
21,./?page=tym&tym_id=21,The Invisible
7,./?page=tym&tym_id=7,The Jolterheads
363,./?page=tym&tym_id=363,The Lizards
1538,./?page=tym&tym_id=1538,The MACHO MEN!!!
609,./?page=tym&tym_id=609,The Mighty Morphin Midget Ninjas
1332,./?page=tym&tym_id=1332,The Opavians
911,./?page=tym&tym_id=911,The Order of Chaos
222,./?page=tym&tym_id=222,The Pimp
1484,./?page=tym&tym_id=1484,The PORG - chops
384,./?page=tym&tym_id=384,THE REAL TRUTH
60,./?page=tym&tym_id=60,The Rests
1458,./?page=tym&tym_id=1458,the ship of thesis
1220,./?page=tym&tym_id=1220,The Siblings
1439,./?page=tym&tym_id=1439,The Sneaky Revolutionaries
589,./?page=tym&tym_id=589,The Strawman Collective
751,./?page=tym&tym_id=751,The Thunder from Down Under
718,./?page=tym&tym_id=718,The Wall
1445,./?page=tym&tym_id=1445,Think About Things
244,./?page=tym&tym_id=244,Three Jays
1507,./?page=tym&tym_id=1507,Ti co neví
1482,./?page=tym&tym_id=1482,Ti co ví
1092,./?page=tym&tym_id=1092,"Ti, kteří měli přijít, nepřišli"
637,./?page=tym&tym_id=637,Tia Dalma
1019,./?page=tym&tym_id=1019,Tigrid
1534,./?page=tym&tym_id=1534,Tik T.A.K.
3,./?page=tym&tym_id=3,Tiresome Ladies
563,./?page=tym&tym_id=563,TnTs
516,./?page=tym&tym_id=516,TO
1547,./?page=tym&tym_id=1547,To je asi jedno
1302,./?page=tym&tym_id=1302,To je western!
1357,./?page=tym&tym_id=1357,To po mě nemůžeš chtít
252,./?page=tym&tym_id=252,TOGO
224,./?page=tym&tym_id=224,Tomáš Jedno
69,./?page=tym&tym_id=69,Tomato
437,./?page=tym&tym_id=437,Tomice a Jerryce
697,./?page=tym&tym_id=697,Too smart to fail
99,./?page=tym&tym_id=99,Top trio
1493,./?page=tym&tym_id=1493,TOPTEAM09 Jsme tu úmyslně
506,./?page=tym&tym_id=506,Torch
746,./?page=tym&tym_id=746,Total Mischung
748,./?page=tym&tym_id=748,Tož Hanáci
1195,./?page=tym&tym_id=1195,Tož rožni!
262,./?page=tym&tym_id=262,Treé girls
336,./?page=tym&tym_id=336,Trhani
181,./?page=tym&tym_id=181,Tri kila veprového
745,./?page=tym&tym_id=745,Triple A
89,./?page=tym&tym_id=89,Triplex
1054,./?page=tym&tym_id=1054,Trium Virorum
1548,./?page=tym&tym_id=1548,Trojhlavý pes
509,./?page=tym&tym_id=509,Trololo-Team
101,./?page=tym&tym_id=101,Trosky
472,./?page=tym&tym_id=472,Trutnov Iggy
473,./?page=tym&tym_id=473,Trutnov Locos
539,./?page=tym&tym_id=539,Trutnov Magor
538,./?page=tym&tym_id=538,Trutnov Náčelník
15,./?page=tym&tym_id=15,Tři lidi
774,./?page=tym&tym_id=774,Tři ve při
876,./?page=tym&tym_id=876,Tři ve při 2
420,./?page=tym&tym_id=420,Tři velká pivka
273,./?page=tym&tym_id=273,Tři veteráni
714,./?page=tym&tym_id=714,TTD
32,./?page=tym&tym_id=32,Tuba
560,./?page=tym&tym_id=560,Tuleňátka
630,./?page=tym&tym_id=630,Turner
739,./?page=tym&tym_id=739,Tutores galaxia
922,./?page=tym&tym_id=922,Tuxtax
288,./?page=tym&tym_id=288,Tvarůžky
781,./?page=tym&tym_id=781,Tvoje máma
13,./?page=tym&tym_id=13,TWINS&CO.
195,./?page=tym&tym_id=195,Tygr a drak
289,./?page=tym&tym_id=289,Tygři
826,./?page=tym&tym_id=826,Tým 1
1113,./?page=tym&tym_id=1113,Tým 1
1111,./?page=tym&tym_id=1111,Tým 10
1115,./?page=tym&tym_id=1115,Tým 11
1121,./?page=tym&tym_id=1121,Tým 12
1123,./?page=tym&tym_id=1123,Tým 13
1114,./?page=tym&tym_id=1114,Tým 14
1119,./?page=tym&tym_id=1119,Tým 3
1127,./?page=tym&tym_id=1127,Tým 4
1131,./?page=tym&tym_id=1131,Tým 7
1109,./?page=tym&tym_id=1109,Tým 8
1129,./?page=tym&tym_id=1129,Tým 9
948,./?page=tym&tym_id=948,Tým B
643,./?page=tym&tym_id=643,Tým C
1169,./?page=tym&tym_id=1169,"Tým, co hledá jméno"
840,./?page=tym&tym_id=840,"Tým, který neexistuje"
803,./?page=tym&tym_id=803,Tyrkysový ořezávátko
422,./?page=tym&tym_id=422,U dvou slunců
1318,./?page=tym&tym_id=1318,Učitelé - A
1319,./?page=tym&tym_id=1319,Učitelé - B
1320,./?page=tym&tym_id=1320,Učitelé - C
1321,./?page=tym&tym_id=1321,Učitelé - D
1322,./?page=tym&tym_id=1322,Učitelé - E
1323,./?page=tym&tym_id=1323,Učitelé - F
1009,./?page=tym&tym_id=1009,UFO Porno Harém
880,./?page=tym&tym_id=880,Ugyhogy nem tudom
1187,./?page=tym&tym_id=1187,Ukázková afirmace
1188,./?page=tym&tym_id=1188,Ukázková negace
283,./?page=tym&tym_id=283,Ukecaná lavina
579,./?page=tym&tym_id=579,Ultimátní Krysičky
207,./?page=tym&tym_id=207,Undertakers
619,./?page=tym&tym_id=619,Ungewiß Mädchen
723,./?page=tym&tym_id=723,"Unicorns, we love them!!"
1170,./?page=tym&tym_id=1170,UnPORGettable
1440,./?page=tym&tym_id=1440,Unstable Spejbl
246,./?page=tym&tym_id=246,Upřímnou soustrast
628,./?page=tym&tym_id=628,Urchin
811,./?page=tym&tym_id=811,Utopenci
813,./?page=tym&tym_id=813,UUUL
1138,./?page=tym&tym_id=1138,Vaklavovo OnlyFans
1285,./?page=tym&tym_id=1285,Valašská kukuřice
1266,./?page=tym&tym_id=1266,Valné shromáždění OSN
392,./?page=tym&tym_id=392,Vanitas Vanitatem
1078,./?page=tym&tym_id=1078,"Vašku, dej tam nějaký cool jméno"
1401,./?page=tym&tym_id=1401,Vaškův megamix
556,./?page=tym&tym_id=556,Vašnosta a přátelé
970,./?page=tym&tym_id=970,Velký špatný
1441,./?page=tym&tym_id=1441,Veni vidi vici tuam matrem
1191,./?page=tym&tym_id=1191,"Veni, Vidi a jak to dopadlo"
761,./?page=tym&tym_id=761,"Vepředu sluníčko, vzadu měsíček"
933,./?page=tym&tym_id=933,Vepřov
784,./?page=tym&tym_id=784,Verba nocere
577,./?page=tym&tym_id=577,Verva
1190,./?page=tym&tym_id=1190,Veselý mix tým
485,./?page=tym&tym_id=485,Victi Victimus
704,./?page=tym&tym_id=704,Victorious Secret
566,./?page=tym&tym_id=566,Vidláci
1539,./?page=tym&tym_id=1539,Vidláci z Opavy 
975,./?page=tym&tym_id=975,Vindicta ex Clones
63,./?page=tym&tym_id=63,Víqět
1047,./?page=tym&tym_id=1047,Vlhká trojka
946,./?page=tym&tym_id=946,Vlna
442,./?page=tym&tym_id=442,Voices
1456,./?page=tym&tym_id=1456,Vojta²
1038,./?page=tym&tym_id=1038,Voldy na vodítku
978,./?page=tym&tym_id=978,Vortex
1192,./?page=tym&tym_id=1192,Vostří Vostravaci
1487,./?page=tym&tym_id=1487,Votevřené Vokno
233,./?page=tym&tym_id=233,Vox Dei
103,./?page=tym&tym_id=103,Vox Populi
141,./?page=tym&tym_id=141,Vox Praha Populi
433,./?page=tym&tym_id=433,Vuštvale
1468,./?page=tym&tym_id=1468,Výbor OSN pro yappování
873,./?page=tym&tym_id=873,Výhodná adopce
1155,./?page=tym&tym_id=1155,Vyhrálijsmedvědebatyzedvou
1156,./?page=tym&tym_id=1156,Východní blok
1457,./?page=tym&tym_id=1457,Výprodej akustických kytar
954,./?page=tym&tym_id=954,Vystresované holky
330,./?page=tym&tym_id=330,WAK
604,./?page=tym&tym_id=604,Walda Geng
561,./?page=tym&tym_id=561,WATCH
598,./?page=tym&tym_id=598,WATCH CO
649,./?page=tym&tym_id=649,We did start the fire
531,./?page=tym&tym_id=531,We don`t need no preparation
508,./?page=tym&tym_id=508,We will rock U!
71,./?page=tym&tym_id=71,We5
1073,./?page=tym&tym_id=1073,Weapons of Mass Distraction
623,./?page=tym&tym_id=623,WG-1
944,./?page=tym&tym_id=944,WHAM
14,./?page=tym&tym_id=14,White Darkness
242,./?page=tym&tym_id=242,Who Cares
1443,./?page=tym&tym_id=1443,Who the Hell Is Edgar?
1453,./?page=tym&tym_id=1453,Witty kittens
347,./?page=tym&tym_id=347,Wizzy Wymondhamers
56,./?page=tym&tym_id=56,WSDC SR
394,./?page=tym&tym_id=394,Xexe
530,./?page=tym&tym_id=530,XY
1287,./?page=tym&tym_id=1287,Ynteligentní ovce
940,./?page=tym&tym_id=940,YolOpava
870,./?page=tym&tym_id=870,"You know nothing, Trump"
1583,./?page=tym&tym_id=1583,Zakopaný lopaty
77,./?page=tym&tym_id=77,Záskok
1403,./?page=tym&tym_id=1403,Zatím beze jména 2
1052,./?page=tym&tym_id=1052,zatím nevím
616,./?page=tym&tym_id=616,Zatlanka
945,./?page=tym&tym_id=945,Zbytky
1045,./?page=tym&tym_id=1045,Zelená tráva
606,./?page=tym&tym_id=606,Zelené potěšení
146,./?page=tym&tym_id=146,Zévy
1272,./?page=tym&tym_id=1272,Zirkonium
36,./?page=tym&tym_id=36,Zkalantýn
1206,./?page=tym&tym_id=1206,Zkrášlím ti ovci
824,./?page=tym&tym_id=824,Zmrzlináři
189,./?page=tym&tym_id=189,Zorali Balvaj
190,./?page=tym&tym_id=190,Žabky
936,./?page=tym&tym_id=936,Želvy Ninja 
431,./?page=tym&tym_id=431,Žirafy
838,./?page=tym&tym_id=838,Žlutej bagr
711,./?page=tym&tym_id=711,Žlutí
